Vehicle,date,transactions
"Passenger Cars, motorcycles and buses (fewer than 13 pass.)",2007-01-01,3854557
"Passenger Cars, motorcycles and buses (fewer than 13 pass.)",2007-02-01,3696694
"Passenger Cars, motorcycles and buses (fewer than 13 pass.)",2007-03-01,4166311
"Passenger Cars, motorcycles and buses (fewer than 13 pass.)",2007-04-01,4208764
"Passenger Cars, motorcycles and buses (fewer than 13 pass.)",2007-05-01,4908901
"Passenger Cars, motorcycles and buses (fewer than 13 pass.)",2007-06-01,5308510
"Passenger Cars, motorcycles and buses (fewer than 13 pass.)",2007-07-01,6445767
"Passenger Cars, motorcycles and buses (fewer than 13 pass.)",2007-08-01,6880939
"Passenger Cars, motorcycles and buses (fewer than 13 pass.)",2007-09-01,5294276
"Passenger Cars, motorcycles and buses (fewer than 13 pass.)",2007-10-01,5082259
"Passenger Cars, motorcycles and buses (fewer than 13 pass.)",2007-11-01,4513890
"Passenger Cars, motorcycles and buses (fewer than 13 pass.)",2007-12-01,4035083
"Passenger Cars, motorcycles and buses (fewer than 13 pass.)",2008-01-01,3847838
"Passenger Cars, motorcycles and buses (fewer than 13 pass.)",2008-02-01,3676651
"Passenger Cars, motorcycles and buses (fewer than 13 pass.)",2008-03-01,4076168
"Passenger Cars, motorcycles and buses (fewer than 13 pass.)",2008-04-01,4227156
"Passenger Cars, motorcycles and buses (fewer than 13 pass.)",2008-05-01,4850926
"Passenger Cars, motorcycles and buses (fewer than 13 pass.)",2008-06-01,5082254
"Passenger Cars, motorcycles and buses (fewer than 13 pass.)",2008-07-01,6216545
"Passenger Cars, motorcycles and buses (fewer than 13 pass.)",2008-08-01,6624365
"Passenger Cars, motorcycles and buses (fewer than 13 pass.)",2008-09-01,4834154
"Passenger Cars, motorcycles and buses (fewer than 13 pass.)",2008-10-01,4907130
"Passenger Cars, motorcycles and buses (fewer than 13 pass.)",2008-11-01,4291915
"Passenger Cars, motorcycles and buses (fewer than 13 pass.)",2008-12-01,4076804
"Passenger Cars, motorcycles and buses (fewer than 13 pass.)",2009-01-01,3661537
"Passenger Cars, motorcycles and buses (fewer than 13 pass.)",2009-02-01,3453254
"Passenger Cars, motorcycles and buses (fewer than 13 pass.)",2009-03-01,3837114
"Passenger Cars, motorcycles and buses (fewer than 13 pass.)",2009-04-01,4078989
"Passenger Cars, motorcycles and buses (fewer than 13 pass.)",2009-05-01,4630192
"Passenger Cars, motorcycles and buses (fewer than 13 pass.)",2009-06-01,4834199
"Passenger Cars, motorcycles and buses (fewer than 13 pass.)",2009-07-01,6142829
"Passenger Cars, motorcycles and buses (fewer than 13 pass.)",2009-08-01,6455314
"Passenger Cars, motorcycles and buses (fewer than 13 pass.)",2009-09-01,4983964
"Passenger Cars, motorcycles and buses (fewer than 13 pass.)",2009-10-01,4754647
"Passenger Cars, motorcycles and buses (fewer than 13 pass.)",2009-11-01,4128945
"Passenger Cars, motorcycles and buses (fewer than 13 pass.)",2009-12-01,4037145
"Passenger Cars, motorcycles and buses (fewer than 13 pass.)",2010-01-01,3522240
"Passenger Cars, motorcycles and buses (fewer than 13 pass.)",2010-02-01,3490796
"Passenger Cars, motorcycles and buses (fewer than 13 pass.)",2010-03-01,3974146
"Passenger Cars, motorcycles and buses (fewer than 13 pass.)",2010-04-01,4151399
"Passenger Cars, motorcycles and buses (fewer than 13 pass.)",2010-05-01,4704257
"Passenger Cars, motorcycles and buses (fewer than 13 pass.)",2010-06-01,4979703
"Passenger Cars, motorcycles and buses (fewer than 13 pass.)",2010-07-01,6357232
"Passenger Cars, motorcycles and buses (fewer than 13 pass.)",2010-08-01,6614065
"Passenger Cars, motorcycles and buses (fewer than 13 pass.)",2010-09-01,5027951
"Passenger Cars, motorcycles and buses (fewer than 13 pass.)",2010-10-01,4908160
"Passenger Cars, motorcycles and buses (fewer than 13 pass.)",2010-11-01,4248453
"Passenger Cars, motorcycles and buses (fewer than 13 pass.)",2010-12-01,4061121
"Passenger Cars, motorcycles and buses (fewer than 13 pass.)",2011-01-01,3517696
"Passenger Cars, motorcycles and buses (fewer than 13 pass.)",2011-02-01,3380131
"Passenger Cars, motorcycles and buses (fewer than 13 pass.)",2011-03-01,3984908
"Passenger Cars, motorcycles and buses (fewer than 13 pass.)",2011-04-01,4039014
"Passenger Cars, motorcycles and buses (fewer than 13 pass.)",2011-05-01,4587265
"Passenger Cars, motorcycles and buses (fewer than 13 pass.)",2011-06-01,4952835
"Passenger Cars, motorcycles and buses (fewer than 13 pass.)",2011-07-01,6380121
"Passenger Cars, motorcycles and buses (fewer than 13 pass.)",2011-08-01,6408146
"Passenger Cars, motorcycles and buses (fewer than 13 pass.)",2011-09-01,5077647
"Passenger Cars, motorcycles and buses (fewer than 13 pass.)",2011-10-01,4773277
"Passenger Cars, motorcycles and buses (fewer than 13 pass.)",2011-11-01,4217779
"Passenger Cars, motorcycles and buses (fewer than 13 pass.)",2011-12-01,4193501
"Passenger Cars, motorcycles and buses (fewer than 13 pass.)",2012-01-01,3585578
"Passenger Cars, motorcycles and buses (fewer than 13 pass.)",2012-02-01,3685638
"Passenger Cars, motorcycles and buses (fewer than 13 pass.)",2012-03-01,3961481
"Passenger Cars, motorcycles and buses (fewer than 13 pass.)",2012-04-01,4110257
"Passenger Cars, motorcycles and buses (fewer than 13 pass.)",2012-05-01,4736022
"Passenger Cars, motorcycles and buses (fewer than 13 pass.)",2012-06-01,5163102
"Passenger Cars, motorcycles and buses (fewer than 13 pass.)",2012-07-01,6338243
"Passenger Cars, motorcycles and buses (fewer than 13 pass.)",2012-08-01,6684518
"Passenger Cars, motorcycles and buses (fewer than 13 pass.)",2012-09-01,5017151
"Passenger Cars, motorcycles and buses (fewer than 13 pass.)",2012-10-01,4709489
"Passenger Cars, motorcycles and buses (fewer than 13 pass.)",2012-11-01,4868036
"Passenger Cars, motorcycles and buses (fewer than 13 pass.)",2012-12-01,4583643
"Passenger Cars, motorcycles and buses (fewer than 13 pass.)",2013-01-01,4357793
"Passenger Cars, motorcycles and buses (fewer than 13 pass.)",2013-02-01,3826686
"Passenger Cars, motorcycles and buses (fewer than 13 pass.)",2013-03-01,4739843
"Passenger Cars, motorcycles and buses (fewer than 13 pass.)",2013-04-01,4815987
"Passenger Cars, motorcycles and buses (fewer than 13 pass.)",2013-05-01,5515865
"Passenger Cars, motorcycles and buses (fewer than 13 pass.)",2013-06-01,5830356
"Passenger Cars, motorcycles and buses (fewer than 13 pass.)",2013-07-01,7074936
"Passenger Cars, motorcycles and buses (fewer than 13 pass.)",2013-08-01,7506462
"Passenger Cars, motorcycles and buses (fewer than 13 pass.)",2013-09-01,5758008
"Passenger Cars, motorcycles and buses (fewer than 13 pass.)",2013-10-01,5683571
"Passenger Cars, motorcycles and buses (fewer than 13 pass.)",2013-11-01,4936467
"Passenger Cars, motorcycles and buses (fewer than 13 pass.)",2013-12-01,4699269
"Passenger Cars, motorcycles and buses (fewer than 13 pass.)",2014-01-01,4346748
"Passenger Cars, motorcycles and buses (fewer than 13 pass.)",2014-02-01,4055845
"Passenger Cars, motorcycles and buses (fewer than 13 pass.)",2014-03-01,4796876
"Passenger Cars, motorcycles and buses (fewer than 13 pass.)",2014-04-01,5022423
"Passenger Cars, motorcycles and buses (fewer than 13 pass.)",2014-05-01,5661751
"Passenger Cars, motorcycles and buses (fewer than 13 pass.)",2014-06-01,6112316
"Passenger Cars, motorcycles and buses (fewer than 13 pass.)",2014-07-01,7276436
"Passenger Cars, motorcycles and buses (fewer than 13 pass.)",2014-08-01,7711673
"Passenger Cars, motorcycles and buses (fewer than 13 pass.)",2014-09-01,6010660
"Passenger Cars, motorcycles and buses (fewer than 13 pass.)",2014-10-01,5955024
"Passenger Cars, motorcycles and buses (fewer than 13 pass.)",2014-11-01,5013269
"Passenger Cars, motorcycles and buses (fewer than 13 pass.)",2014-12-01,5119123
"Passenger Cars, motorcycles and buses (fewer than 13 pass.)",2015-01-01,4364078
"Passenger Cars, motorcycles and buses (fewer than 13 pass.)",2015-02-01,4088078
"Passenger Cars, motorcycles and buses (fewer than 13 pass.)",2015-03-01,5132430
"Passenger Cars, motorcycles and buses (fewer than 13 pass.)",2015-04-01,5318179
"Passenger Cars, motorcycles and buses (fewer than 13 pass.)",2015-05-01,6101763
"Passenger Cars, motorcycles and buses (fewer than 13 pass.)",2015-06-01,6445856
"Passenger Cars, motorcycles and buses (fewer than 13 pass.)",2015-07-01,7777939
"Passenger Cars, motorcycles and buses (fewer than 13 pass.)",2015-08-01,7900618
"Passenger Cars, motorcycles and buses (fewer than 13 pass.)",2015-09-01,6499290
"Passenger Cars, motorcycles and buses (fewer than 13 pass.)",2015-10-01,6315608
"Passenger Cars, motorcycles and buses (fewer than 13 pass.)",2015-11-01,5449679
"Passenger Cars, motorcycles and buses (fewer than 13 pass.)",2015-12-01,5469864
"Passenger Cars, motorcycles and buses (fewer than 13 pass.)",2016-01-01,4912193
"Passenger Cars, motorcycles and buses (fewer than 13 pass.)",2016-02-01,4812053
"Passenger Cars, motorcycles and buses (fewer than 13 pass.)",2016-03-01,5440861
"Passenger Cars, motorcycles and buses (fewer than 13 pass.)",2016-04-01,5534634
"Passenger Cars, motorcycles and buses (fewer than 13 pass.)",2016-05-01,6289090
"Passenger Cars, motorcycles and buses (fewer than 13 pass.)",2016-06-01,6857938
"Passenger Cars, motorcycles and buses (fewer than 13 pass.)",2016-07-01,8045249
"Passenger Cars, motorcycles and buses (fewer than 13 pass.)",2016-08-01,8281054
"Passenger Cars, motorcycles and buses (fewer than 13 pass.)",2016-09-01,6849000
"Passenger Cars, motorcycles and buses (fewer than 13 pass.)",2016-10-01,6484915
"Passenger Cars, motorcycles and buses (fewer than 13 pass.)",2016-11-01,5702912
"Passenger Cars, motorcycles and buses (fewer than 13 pass.)",2016-12-01,5495117
"Passenger Cars, motorcycles and buses (fewer than 13 pass.)",2017-01-01,5188391
"Passenger Cars, motorcycles and buses (fewer than 13 pass.)",2017-02-01,4557458
"Passenger Cars, motorcycles and buses (fewer than 13 pass.)",2017-03-01,5558724
"Passenger Cars, motorcycles and buses (fewer than 13 pass.)",2017-04-01,5693212
"Passenger Cars, motorcycles and buses (fewer than 13 pass.)",2017-05-01,6592382
"Passenger Cars, motorcycles and buses (fewer than 13 pass.)",2017-06-01,7110134
"Passenger Cars, motorcycles and buses (fewer than 13 pass.)",2017-07-01,8196844
"Passenger Cars, motorcycles and buses (fewer than 13 pass.)",2017-08-01,8501580
"Passenger Cars, motorcycles and buses (fewer than 13 pass.)",2017-09-01,7042644
"Passenger Cars, motorcycles and buses (fewer than 13 pass.)",2017-10-01,6805579
"Passenger Cars, motorcycles and buses (fewer than 13 pass.)",2017-11-01,6039927
"Passenger Cars, motorcycles and buses (fewer than 13 pass.)",2017-12-01,5653249
"Passenger Cars, motorcycles and buses (fewer than 13 pass.)",2018-01-01,5183322
"Passenger Cars, motorcycles and buses (fewer than 13 pass.)",2018-02-01,5018373
"Passenger Cars, motorcycles and buses (fewer than 13 pass.)",2018-03-01,5633798
"Passenger Cars, motorcycles and buses (fewer than 13 pass.)",2018-04-01,5920127
"Passenger Cars, motorcycles and buses (fewer than 13 pass.)",2018-05-01,6863209
"Passenger Cars, motorcycles and buses (fewer than 13 pass.)",2018-06-01,7315909
"Passenger Cars, motorcycles and buses (fewer than 13 pass.)",2018-07-01,8406431
"Passenger Cars, motorcycles and buses (fewer than 13 pass.)",2018-08-01,8776463
"Passenger Cars, motorcycles and buses (fewer than 13 pass.)",2018-09-01,7111539
"Passenger Cars, motorcycles and buses (fewer than 13 pass.)",2018-10-01,6973014
"Passenger Cars, motorcycles and buses (fewer than 13 pass.)",2018-11-01,5908267
"Passenger Cars, motorcycles and buses (fewer than 13 pass.)",2018-12-01,6011727
"Passenger Cars, motorcycles and buses (fewer than 13 pass.)",2019-01-01,5368118
"Passenger Cars, motorcycles and buses (fewer than 13 pass.)",2019-02-01,5127663
"Passenger Cars, motorcycles and buses (fewer than 13 pass.)",2019-03-01,5995375
"Passenger Cars, motorcycles and buses (fewer than 13 pass.)",2019-04-01,6089396
"Passenger Cars, motorcycles and buses (fewer than 13 pass.)",2019-05-01,7011455
"Passenger Cars, motorcycles and buses (fewer than 13 pass.)",2019-06-01,7369951
"Passenger Cars, motorcycles and buses (fewer than 13 pass.)",2019-07-01,8558035
"Passenger Cars, motorcycles and buses (fewer than 13 pass.)",2019-08-01,8867403
"Passenger Cars, motorcycles and buses (fewer than 13 pass.)",2019-09-01,7194084
"Passenger Cars, motorcycles and buses (fewer than 13 pass.)",2019-10-01,7174977
"Passenger Cars, motorcycles and buses (fewer than 13 pass.)",2019-11-01,6076480
"Passenger Cars, motorcycles and buses (fewer than 13 pass.)",2019-12-01,5855002
"Passenger Cars, motorcycles and buses (fewer than 13 pass.)",2020-01-01,5647019
"Passenger Cars, motorcycles and buses (fewer than 13 pass.)",2020-02-01,5368530
Passenger Car with trailer,2007-01-01,53155
Passenger Car with trailer,2007-02-01,73663
Passenger Car with trailer,2007-03-01,56328
Passenger Car with trailer,2007-04-01,43642
Passenger Car with trailer,2007-05-01,78642
Passenger Car with trailer,2007-06-01,97741
Passenger Car with trailer,2007-07-01,141018
Passenger Car with trailer,2007-08-01,146888
Passenger Car with trailer,2007-09-01,97068
Passenger Car with trailer,2007-10-01,71493
Passenger Car with trailer,2007-11-01,50102
Passenger Car with trailer,2007-12-01,37565
Passenger Car with trailer,2008-01-01,49286
Passenger Car with trailer,2008-02-01,55521
Passenger Car with trailer,2008-03-01,50450
Passenger Car with trailer,2008-04-01,49944
Passenger Car with trailer,2008-05-01,76197
Passenger Car with trailer,2008-06-01,90141
Passenger Car with trailer,2008-07-01,130027
Passenger Car with trailer,2008-08-01,141084
Passenger Car with trailer,2008-09-01,83215
Passenger Car with trailer,2008-10-01,69744
Passenger Car with trailer,2008-11-01,49650
Passenger Car with trailer,2008-12-01,35022
Passenger Car with trailer,2009-01-01,48738
Passenger Car with trailer,2009-02-01,56585
Passenger Car with trailer,2009-03-01,53602
Passenger Car with trailer,2009-04-01,44397
Passenger Car with trailer,2009-05-01,75796
Passenger Car with trailer,2009-06-01,82753
Passenger Car with trailer,2009-07-01,140769
Passenger Car with trailer,2009-08-01,134487
Passenger Car with trailer,2009-09-01,91694
Passenger Car with trailer,2009-10-01,68409
Passenger Car with trailer,2009-11-01,46808
Passenger Car with trailer,2009-12-01,32389
Passenger Car with trailer,2010-01-01,42320
Passenger Car with trailer,2010-02-01,41863
Passenger Car with trailer,2010-03-01,40436
Passenger Car with trailer,2010-04-01,51018
Passenger Car with trailer,2010-05-01,76761
Passenger Car with trailer,2010-06-01,86080
Passenger Car with trailer,2010-07-01,136235
Passenger Car with trailer,2010-08-01,133768
Passenger Car with trailer,2010-09-01,89167
Passenger Car with trailer,2010-10-01,73452
Passenger Car with trailer,2010-11-01,48051
Passenger Car with trailer,2010-12-01,35861
Passenger Car with trailer,2011-01-01,40951
Passenger Car with trailer,2011-02-01,49889
Passenger Car with trailer,2011-03-01,44927
Passenger Car with trailer,2011-04-01,44084
Passenger Car with trailer,2011-05-01,72190
Passenger Car with trailer,2011-06-01,82667
Passenger Car with trailer,2011-07-01,135328
Passenger Car with trailer,2011-08-01,123062
Passenger Car with trailer,2011-09-01,87878
Passenger Car with trailer,2011-10-01,71594
Passenger Car with trailer,2011-11-01,48444
Passenger Car with trailer,2011-12-01,31815
Passenger Car with trailer,2012-01-01,32614
Passenger Car with trailer,2012-02-01,48120
Passenger Car with trailer,2012-03-01,43022
Passenger Car with trailer,2012-04-01,47564
Passenger Car with trailer,2012-05-01,75682
Passenger Car with trailer,2012-06-01,88565
Passenger Car with trailer,2012-07-01,132189
Passenger Car with trailer,2012-08-01,132809
Passenger Car with trailer,2012-09-01,86528
Passenger Car with trailer,2012-10-01,65969
Passenger Car with trailer,2012-11-01,49771
Passenger Car with trailer,2012-12-01,35956
Passenger Car with trailer,2013-01-01,48947
Passenger Car with trailer,2013-02-01,47464
Passenger Car with trailer,2013-03-01,46414
Passenger Car with trailer,2013-04-01,47376
Passenger Car with trailer,2013-05-01,77155
Passenger Car with trailer,2013-06-01,91093
Passenger Car with trailer,2013-07-01,129865
Passenger Car with trailer,2013-08-01,138848
Passenger Car with trailer,2013-09-01,90848
Passenger Car with trailer,2013-10-01,74475
Passenger Car with trailer,2013-11-01,52748
Passenger Car with trailer,2013-12-01,55081
Passenger Car with trailer,2014-01-01,65324
Passenger Car with trailer,2014-02-01,67925
Passenger Car with trailer,2014-03-01,62533
Passenger Car with trailer,2014-04-01,47721
Passenger Car with trailer,2014-05-01,80793
Passenger Car with trailer,2014-06-01,95861
Passenger Car with trailer,2014-07-01,133614
Passenger Car with trailer,2014-08-01,144630
Passenger Car with trailer,2014-09-01,98583
Passenger Car with trailer,2014-10-01,83137
Passenger Car with trailer,2014-11-01,54335
Passenger Car with trailer,2014-12-01,39564
Passenger Car with trailer,2015-01-01,42885
Passenger Car with trailer,2015-02-01,49198
Passenger Car with trailer,2015-03-01,55317
Passenger Car with trailer,2015-04-01,52247
Passenger Car with trailer,2015-05-01,91635
Passenger Car with trailer,2015-06-01,100766
Passenger Car with trailer,2015-07-01,145452
Passenger Car with trailer,2015-08-01,143487
Passenger Car with trailer,2015-09-01,104534
Passenger Car with trailer,2015-10-01,84989
Passenger Car with trailer,2015-11-01,59265
Passenger Car with trailer,2015-12-01,44159
Passenger Car with trailer,2016-01-01,46852
Passenger Car with trailer,2016-02-01,45338
Passenger Car with trailer,2016-03-01,48817
Passenger Car with trailer,2016-04-01,58842
Passenger Car with trailer,2016-05-01,90933
Passenger Car with trailer,2016-06-01,106691
Passenger Car with trailer,2016-07-01,149408
Passenger Car with trailer,2016-08-01,141183
Passenger Car with trailer,2016-09-01,114760
Passenger Car with trailer,2016-10-01,90358
Passenger Car with trailer,2016-11-01,59683
Passenger Car with trailer,2016-12-01,43624
Passenger Car with trailer,2017-01-01,57778
Passenger Car with trailer,2017-02-01,55047
Passenger Car with trailer,2017-03-01,52476
Passenger Car with trailer,2017-04-01,57292
Passenger Car with trailer,2017-05-01,94431
Passenger Car with trailer,2017-06-01,113872
Passenger Car with trailer,2017-07-01,158918
Passenger Car with trailer,2017-08-01,146006
Passenger Car with trailer,2017-09-01,113321
Passenger Car with trailer,2017-10-01,90720
Passenger Car with trailer,2017-11-01,62335
Passenger Car with trailer,2017-12-01,44318
Passenger Car with trailer,2018-01-01,51510
Passenger Car with trailer,2018-02-01,56161
Passenger Car with trailer,2018-03-01,55935
Passenger Car with trailer,2018-04-01,55691
Passenger Car with trailer,2018-05-01,98181
Passenger Car with trailer,2018-06-01,117606
Passenger Car with trailer,2018-07-01,152777
Passenger Car with trailer,2018-08-01,155891
Passenger Car with trailer,2018-09-01,114936
Passenger Car with trailer,2018-10-01,94084
Passenger Car with trailer,2018-11-01,58015
Passenger Car with trailer,2018-12-01,42584
Passenger Car with trailer,2019-01-01,55077
Passenger Car with trailer,2019-02-01,59716
Passenger Car with trailer,2019-03-01,61000
Passenger Car with trailer,2019-04-01,56932
Passenger Car with trailer,2019-05-01,100817
Passenger Car with trailer,2019-06-01,122484
Passenger Car with trailer,2019-07-01,155709
Passenger Car with trailer,2019-08-01,160452
Passenger Car with trailer,2019-09-01,117887
Passenger Car with trailer,2019-10-01,97433
Passenger Car with trailer,2019-11-01,63308
Passenger Car with trailer,2019-12-01,43116
Passenger Car with trailer,2020-01-01,52959
Passenger Car with trailer,2020-02-01,70325
Trucks and all other two-axle vehicles,2007-01-01,130594
Trucks and all other two-axle vehicles,2007-02-01,115371
Trucks and all other two-axle vehicles,2007-03-01,133405
Trucks and all other two-axle vehicles,2007-04-01,135284
Trucks and all other two-axle vehicles,2007-05-01,157009
Trucks and all other two-axle vehicles,2007-06-01,156351
Trucks and all other two-axle vehicles,2007-07-01,163100
Trucks and all other two-axle vehicles,2007-08-01,177331
Trucks and all other two-axle vehicles,2007-09-01,147785
Trucks and all other two-axle vehicles,2007-10-01,158951
Trucks and all other two-axle vehicles,2007-11-01,135482
Trucks and all other two-axle vehicles,2007-12-01,123724
Trucks and all other two-axle vehicles,2008-01-01,128624
Trucks and all other two-axle vehicles,2008-02-01,122623
Trucks and all other two-axle vehicles,2008-03-01,127592
Trucks and all other two-axle vehicles,2008-04-01,136167
Trucks and all other two-axle vehicles,2008-05-01,146153
Trucks and all other two-axle vehicles,2008-06-01,148340
Trucks and all other two-axle vehicles,2008-07-01,159629
Trucks and all other two-axle vehicles,2008-08-01,154580
Trucks and all other two-axle vehicles,2008-09-01,144034
Trucks and all other two-axle vehicles,2008-10-01,149227
Trucks and all other two-axle vehicles,2008-11-01,117465
Trucks and all other two-axle vehicles,2008-12-01,128279
Trucks and all other two-axle vehicles,2009-01-01,117531
Trucks and all other two-axle vehicles,2009-02-01,106623
Trucks and all other two-axle vehicles,2009-03-01,118783
Trucks and all other two-axle vehicles,2009-04-01,123154
Trucks and all other two-axle vehicles,2009-05-01,131013
Trucks and all other two-axle vehicles,2009-06-01,140096
Trucks and all other two-axle vehicles,2009-07-01,154703
Trucks and all other two-axle vehicles,2009-08-01,148732
Trucks and all other two-axle vehicles,2009-09-01,141275
Trucks and all other two-axle vehicles,2009-10-01,137208
Trucks and all other two-axle vehicles,2009-11-01,113292
Trucks and all other two-axle vehicles,2009-12-01,121424
Trucks and all other two-axle vehicles,2010-01-01,107979
Trucks and all other two-axle vehicles,2010-02-01,100875
Trucks and all other two-axle vehicles,2010-03-01,121552
Trucks and all other two-axle vehicles,2010-04-01,125934
Trucks and all other two-axle vehicles,2010-05-01,131652
Trucks and all other two-axle vehicles,2010-06-01,143542
Trucks and all other two-axle vehicles,2010-07-01,148888
Trucks and all other two-axle vehicles,2010-08-01,152809
Trucks and all other two-axle vehicles,2010-09-01,141243
Trucks and all other two-axle vehicles,2010-10-01,136067
Trucks and all other two-axle vehicles,2010-11-01,122114
Trucks and all other two-axle vehicles,2010-12-01,120347
Trucks and all other two-axle vehicles,2011-01-01,112884
Trucks and all other two-axle vehicles,2011-02-01,105862
Trucks and all other two-axle vehicles,2011-03-01,126888
Trucks and all other two-axle vehicles,2011-04-01,121101
Trucks and all other two-axle vehicles,2011-05-01,134540
Trucks and all other two-axle vehicles,2011-06-01,143351
Trucks and all other two-axle vehicles,2011-07-01,143314
Trucks and all other two-axle vehicles,2011-08-01,157330
Trucks and all other two-axle vehicles,2011-09-01,144593
Trucks and all other two-axle vehicles,2011-10-01,135791
Trucks and all other two-axle vehicles,2011-11-01,122865
Trucks and all other two-axle vehicles,2011-12-01,120321
Trucks and all other two-axle vehicles,2012-01-01,115958
Trucks and all other two-axle vehicles,2012-02-01,108993
Trucks and all other two-axle vehicles,2012-03-01,118683
Trucks and all other two-axle vehicles,2012-04-01,120912
Trucks and all other two-axle vehicles,2012-05-01,138971
Trucks and all other two-axle vehicles,2012-06-01,141002
Trucks and all other two-axle vehicles,2012-07-01,147897
Trucks and all other two-axle vehicles,2012-08-01,158976
Trucks and all other two-axle vehicles,2012-09-01,132270
Trucks and all other two-axle vehicles,2012-10-01,138978
Trucks and all other two-axle vehicles,2012-11-01,120880
Trucks and all other two-axle vehicles,2012-12-01,111398
Trucks and all other two-axle vehicles,2013-01-01,117339
Trucks and all other two-axle vehicles,2013-02-01,105824
Trucks and all other two-axle vehicles,2013-03-01,113390
Trucks and all other two-axle vehicles,2013-04-01,123142
Trucks and all other two-axle vehicles,2013-05-01,139938
Trucks and all other two-axle vehicles,2013-06-01,136486
Trucks and all other two-axle vehicles,2013-07-01,152420
Trucks and all other two-axle vehicles,2013-08-01,157378
Trucks and all other two-axle vehicles,2013-09-01,138421
Trucks and all other two-axle vehicles,2013-10-01,143422
Trucks and all other two-axle vehicles,2013-11-01,119314
Trucks and all other two-axle vehicles,2013-12-01,126360
Trucks and all other two-axle vehicles,2014-01-01,120165
Trucks and all other two-axle vehicles,2014-02-01,108736
Trucks and all other two-axle vehicles,2014-03-01,119501
Trucks and all other two-axle vehicles,2014-04-01,126851
Trucks and all other two-axle vehicles,2014-05-01,138357
Trucks and all other two-axle vehicles,2014-06-01,144557
Trucks and all other two-axle vehicles,2014-07-01,155241
Trucks and all other two-axle vehicles,2014-08-01,152494
Trucks and all other two-axle vehicles,2014-09-01,147583
Trucks and all other two-axle vehicles,2014-10-01,146657
Trucks and all other two-axle vehicles,2014-11-01,119104
Trucks and all other two-axle vehicles,2014-12-01,123010
Trucks and all other two-axle vehicles,2015-01-01,117413
Trucks and all other two-axle vehicles,2015-02-01,113138
Trucks and all other two-axle vehicles,2015-03-01,124480
Trucks and all other two-axle vehicles,2015-04-01,129665
Trucks and all other two-axle vehicles,2015-05-01,139734
Trucks and all other two-axle vehicles,2015-06-01,151039
Trucks and all other two-axle vehicles,2015-07-01,160885
Trucks and all other two-axle vehicles,2015-08-01,154277
Trucks and all other two-axle vehicles,2015-09-01,148398
Trucks and all other two-axle vehicles,2015-10-01,148417
Trucks and all other two-axle vehicles,2015-11-01,125103
Trucks and all other two-axle vehicles,2015-12-01,129004
Trucks and all other two-axle vehicles,2016-01-01,117113
Trucks and all other two-axle vehicles,2016-02-01,115504
Trucks and all other two-axle vehicles,2016-03-01,127298
Trucks and all other two-axle vehicles,2016-04-01,128288
Trucks and all other two-axle vehicles,2016-05-01,142796
Trucks and all other two-axle vehicles,2016-06-01,157032
Trucks and all other two-axle vehicles,2016-07-01,153509
Trucks and all other two-axle vehicles,2016-08-01,168327
Trucks and all other two-axle vehicles,2016-09-01,157014
Trucks and all other two-axle vehicles,2016-10-01,146965
Trucks and all other two-axle vehicles,2016-11-01,130164
Trucks and all other two-axle vehicles,2016-12-01,132961
Trucks and all other two-axle vehicles,2017-01-01,126482
Trucks and all other two-axle vehicles,2017-02-01,111032
Trucks and all other two-axle vehicles,2017-03-01,132267
Trucks and all other two-axle vehicles,2017-04-01,129726
Trucks and all other two-axle vehicles,2017-05-01,154504
Trucks and all other two-axle vehicles,2017-06-01,162182
Trucks and all other two-axle vehicles,2017-07-01,155832
Trucks and all other two-axle vehicles,2017-08-01,176080
Trucks and all other two-axle vehicles,2017-09-01,160354
Trucks and all other two-axle vehicles,2017-10-01,155086
Trucks and all other two-axle vehicles,2017-11-01,146931
Trucks and all other two-axle vehicles,2017-12-01,135989
Trucks and all other two-axle vehicles,2018-01-01,134079
Trucks and all other two-axle vehicles,2018-02-01,123416
Trucks and all other two-axle vehicles,2018-03-01,135098
Trucks and all other two-axle vehicles,2018-04-01,142895
Trucks and all other two-axle vehicles,2018-05-01,169528
Trucks and all other two-axle vehicles,2018-06-01,167605
Trucks and all other two-axle vehicles,2018-07-01,175169
Trucks and all other two-axle vehicles,2018-08-01,185880
Trucks and all other two-axle vehicles,2018-09-01,162251
Trucks and all other two-axle vehicles,2018-10-01,171054
Trucks and all other two-axle vehicles,2018-11-01,145068
Trucks and all other two-axle vehicles,2018-12-01,138801
Trucks and all other two-axle vehicles,2019-01-01,142660
Trucks and all other two-axle vehicles,2019-02-01,124603
Trucks and all other two-axle vehicles,2019-03-01,142559
Trucks and all other two-axle vehicles,2019-04-01,151340
Trucks and all other two-axle vehicles,2019-05-01,173193
Trucks and all other two-axle vehicles,2019-06-01,167541
Trucks and all other two-axle vehicles,2019-07-01,184383
Trucks and all other two-axle vehicles,2019-08-01,184566
Trucks and all other two-axle vehicles,2019-09-01,166077
Trucks and all other two-axle vehicles,2019-10-01,181499
Trucks and all other two-axle vehicles,2019-11-01,147180
Trucks and all other two-axle vehicles,2019-12-01,145227
Trucks and all other two-axle vehicles,2020-01-01,146323
Trucks and all other two-axle vehicles,2020-02-01,130969
Three axle trucks; class two vehicles towing trailers; buses (13 or more pass.),2007-01-01,49627
Three axle trucks; class two vehicles towing trailers; buses (13 or more pass.),2007-02-01,44164
Three axle trucks; class two vehicles towing trailers; buses (13 or more pass.),2007-03-01,51642
Three axle trucks; class two vehicles towing trailers; buses (13 or more pass.),2007-04-01,55480
Three axle trucks; class two vehicles towing trailers; buses (13 or more pass.),2007-05-01,60978
Three axle trucks; class two vehicles towing trailers; buses (13 or more pass.),2007-06-01,62262
Three axle trucks; class two vehicles towing trailers; buses (13 or more pass.),2007-07-01,64290
Three axle trucks; class two vehicles towing trailers; buses (13 or more pass.),2007-08-01,67950
Three axle trucks; class two vehicles towing trailers; buses (13 or more pass.),2007-09-01,58746
Three axle trucks; class two vehicles towing trailers; buses (13 or more pass.),2007-10-01,67329
Three axle trucks; class two vehicles towing trailers; buses (13 or more pass.),2007-11-01,55722
Three axle trucks; class two vehicles towing trailers; buses (13 or more pass.),2007-12-01,45652
Three axle trucks; class two vehicles towing trailers; buses (13 or more pass.),2008-01-01,49924
Three axle trucks; class two vehicles towing trailers; buses (13 or more pass.),2008-02-01,45744
Three axle trucks; class two vehicles towing trailers; buses (13 or more pass.),2008-03-01,49102
Three axle trucks; class two vehicles towing trailers; buses (13 or more pass.),2008-04-01,54736
Three axle trucks; class two vehicles towing trailers; buses (13 or more pass.),2008-05-01,58392
Three axle trucks; class two vehicles towing trailers; buses (13 or more pass.),2008-06-01,62914
Three axle trucks; class two vehicles towing trailers; buses (13 or more pass.),2008-07-01,74800
Three axle trucks; class two vehicles towing trailers; buses (13 or more pass.),2008-08-01,62401
Three axle trucks; class two vehicles towing trailers; buses (13 or more pass.),2008-09-01,58863
Three axle trucks; class two vehicles towing trailers; buses (13 or more pass.),2008-10-01,61970
Three axle trucks; class two vehicles towing trailers; buses (13 or more pass.),2008-11-01,46573
Three axle trucks; class two vehicles towing trailers; buses (13 or more pass.),2008-12-01,46562
Three axle trucks; class two vehicles towing trailers; buses (13 or more pass.),2009-01-01,43876
Three axle trucks; class two vehicles towing trailers; buses (13 or more pass.),2009-02-01,40946
Three axle trucks; class two vehicles towing trailers; buses (13 or more pass.),2009-03-01,45248
Three axle trucks; class two vehicles towing trailers; buses (13 or more pass.),2009-04-01,50583
Three axle trucks; class two vehicles towing trailers; buses (13 or more pass.),2009-05-01,55200
Three axle trucks; class two vehicles towing trailers; buses (13 or more pass.),2009-06-01,58750
Three axle trucks; class two vehicles towing trailers; buses (13 or more pass.),2009-07-01,66422
Three axle trucks; class two vehicles towing trailers; buses (13 or more pass.),2009-08-01,57713
Three axle trucks; class two vehicles towing trailers; buses (13 or more pass.),2009-09-01,57197
Three axle trucks; class two vehicles towing trailers; buses (13 or more pass.),2009-10-01,57164
Three axle trucks; class two vehicles towing trailers; buses (13 or more pass.),2009-11-01,47205
Three axle trucks; class two vehicles towing trailers; buses (13 or more pass.),2009-12-01,46627
Three axle trucks; class two vehicles towing trailers; buses (13 or more pass.),2010-01-01,42945
Three axle trucks; class two vehicles towing trailers; buses (13 or more pass.),2010-02-01,40321
Three axle trucks; class two vehicles towing trailers; buses (13 or more pass.),2010-03-01,51130
Three axle trucks; class two vehicles towing trailers; buses (13 or more pass.),2010-04-01,60312
Three axle trucks; class two vehicles towing trailers; buses (13 or more pass.),2010-05-01,58765
Three axle trucks; class two vehicles towing trailers; buses (13 or more pass.),2010-06-01,59060
Three axle trucks; class two vehicles towing trailers; buses (13 or more pass.),2010-07-01,59496
Three axle trucks; class two vehicles towing trailers; buses (13 or more pass.),2010-08-01,61658
Three axle trucks; class two vehicles towing trailers; buses (13 or more pass.),2010-09-01,57817
Three axle trucks; class two vehicles towing trailers; buses (13 or more pass.),2010-10-01,57028
Three axle trucks; class two vehicles towing trailers; buses (13 or more pass.),2010-11-01,49853
Three axle trucks; class two vehicles towing trailers; buses (13 or more pass.),2010-12-01,45867
Three axle trucks; class two vehicles towing trailers; buses (13 or more pass.),2011-01-01,42850
Three axle trucks; class two vehicles towing trailers; buses (13 or more pass.),2011-02-01,41382
Three axle trucks; class two vehicles towing trailers; buses (13 or more pass.),2011-03-01,49242
Three axle trucks; class two vehicles towing trailers; buses (13 or more pass.),2011-04-01,48306
Three axle trucks; class two vehicles towing trailers; buses (13 or more pass.),2011-05-01,52976
Three axle trucks; class two vehicles towing trailers; buses (13 or more pass.),2011-06-01,61986
Three axle trucks; class two vehicles towing trailers; buses (13 or more pass.),2011-07-01,59405
Three axle trucks; class two vehicles towing trailers; buses (13 or more pass.),2011-08-01,63902
Three axle trucks; class two vehicles towing trailers; buses (13 or more pass.),2011-09-01,59353
Three axle trucks; class two vehicles towing trailers; buses (13 or more pass.),2011-10-01,57017
Three axle trucks; class two vehicles towing trailers; buses (13 or more pass.),2011-11-01,51613
Three axle trucks; class two vehicles towing trailers; buses (13 or more pass.),2011-12-01,48145
Three axle trucks; class two vehicles towing trailers; buses (13 or more pass.),2012-01-01,45249
Three axle trucks; class two vehicles towing trailers; buses (13 or more pass.),2012-02-01,42896
Three axle trucks; class two vehicles towing trailers; buses (13 or more pass.),2012-03-01,48431
Three axle trucks; class two vehicles towing trailers; buses (13 or more pass.),2012-04-01,50209
Three axle trucks; class two vehicles towing trailers; buses (13 or more pass.),2012-05-01,56481
Three axle trucks; class two vehicles towing trailers; buses (13 or more pass.),2012-06-01,56805
Three axle trucks; class two vehicles towing trailers; buses (13 or more pass.),2012-07-01,60508
Three axle trucks; class two vehicles towing trailers; buses (13 or more pass.),2012-08-01,64042
Three axle trucks; class two vehicles towing trailers; buses (13 or more pass.),2012-09-01,55766
Three axle trucks; class two vehicles towing trailers; buses (13 or more pass.),2012-10-01,57497
Three axle trucks; class two vehicles towing trailers; buses (13 or more pass.),2012-11-01,49349
Three axle trucks; class two vehicles towing trailers; buses (13 or more pass.),2012-12-01,40726
Three axle trucks; class two vehicles towing trailers; buses (13 or more pass.),2013-01-01,45368
Three axle trucks; class two vehicles towing trailers; buses (13 or more pass.),2013-02-01,40551
Three axle trucks; class two vehicles towing trailers; buses (13 or more pass.),2013-03-01,44004
Three axle trucks; class two vehicles towing trailers; buses (13 or more pass.),2013-04-01,49927
Three axle trucks; class two vehicles towing trailers; buses (13 or more pass.),2013-05-01,54823
Three axle trucks; class two vehicles towing trailers; buses (13 or more pass.),2013-06-01,54123
Three axle trucks; class two vehicles towing trailers; buses (13 or more pass.),2013-07-01,59110
Three axle trucks; class two vehicles towing trailers; buses (13 or more pass.),2013-08-01,61833
Three axle trucks; class two vehicles towing trailers; buses (13 or more pass.),2013-09-01,55711
Three axle trucks; class two vehicles towing trailers; buses (13 or more pass.),2013-10-01,57983
Three axle trucks; class two vehicles towing trailers; buses (13 or more pass.),2013-11-01,46845
Three axle trucks; class two vehicles towing trailers; buses (13 or more pass.),2013-12-01,46657
Three axle trucks; class two vehicles towing trailers; buses (13 or more pass.),2014-01-01,48317
Three axle trucks; class two vehicles towing trailers; buses (13 or more pass.),2014-02-01,42858
Three axle trucks; class two vehicles towing trailers; buses (13 or more pass.),2014-03-01,47415
Three axle trucks; class two vehicles towing trailers; buses (13 or more pass.),2014-04-01,49947
Three axle trucks; class two vehicles towing trailers; buses (13 or more pass.),2014-05-01,54421
Three axle trucks; class two vehicles towing trailers; buses (13 or more pass.),2014-06-01,60360
Three axle trucks; class two vehicles towing trailers; buses (13 or more pass.),2014-07-01,61234
Three axle trucks; class two vehicles towing trailers; buses (13 or more pass.),2014-08-01,57936
Three axle trucks; class two vehicles towing trailers; buses (13 or more pass.),2014-09-01,56524
Three axle trucks; class two vehicles towing trailers; buses (13 or more pass.),2014-10-01,58400
Three axle trucks; class two vehicles towing trailers; buses (13 or more pass.),2014-11-01,45270
Three axle trucks; class two vehicles towing trailers; buses (13 or more pass.),2014-12-01,45755
Three axle trucks; class two vehicles towing trailers; buses (13 or more pass.),2015-01-01,42124
Three axle trucks; class two vehicles towing trailers; buses (13 or more pass.),2015-02-01,40547
Three axle trucks; class two vehicles towing trailers; buses (13 or more pass.),2015-03-01,46105
Three axle trucks; class two vehicles towing trailers; buses (13 or more pass.),2015-04-01,51031
Three axle trucks; class two vehicles towing trailers; buses (13 or more pass.),2015-05-01,54999
Three axle trucks; class two vehicles towing trailers; buses (13 or more pass.),2015-06-01,60728
Three axle trucks; class two vehicles towing trailers; buses (13 or more pass.),2015-07-01,64615
Three axle trucks; class two vehicles towing trailers; buses (13 or more pass.),2015-08-01,61543
Three axle trucks; class two vehicles towing trailers; buses (13 or more pass.),2015-09-01,60108
Three axle trucks; class two vehicles towing trailers; buses (13 or more pass.),2015-10-01,62080
Three axle trucks; class two vehicles towing trailers; buses (13 or more pass.),2015-11-01,51438
Three axle trucks; class two vehicles towing trailers; buses (13 or more pass.),2015-12-01,51228
Three axle trucks; class two vehicles towing trailers; buses (13 or more pass.),2016-01-01,45533
Three axle trucks; class two vehicles towing trailers; buses (13 or more pass.),2016-02-01,43617
Three axle trucks; class two vehicles towing trailers; buses (13 or more pass.),2016-03-01,49723
Three axle trucks; class two vehicles towing trailers; buses (13 or more pass.),2016-04-01,51510
Three axle trucks; class two vehicles towing trailers; buses (13 or more pass.),2016-05-01,56330
Three axle trucks; class two vehicles towing trailers; buses (13 or more pass.),2016-06-01,61155
Three axle trucks; class two vehicles towing trailers; buses (13 or more pass.),2016-07-01,57611
Three axle trucks; class two vehicles towing trailers; buses (13 or more pass.),2016-08-01,63226
Three axle trucks; class two vehicles towing trailers; buses (13 or more pass.),2016-09-01,61560
Three axle trucks; class two vehicles towing trailers; buses (13 or more pass.),2016-10-01,60851
Three axle trucks; class two vehicles towing trailers; buses (13 or more pass.),2016-11-01,52829
Three axle trucks; class two vehicles towing trailers; buses (13 or more pass.),2016-12-01,49505
Three axle trucks; class two vehicles towing trailers; buses (13 or more pass.),2017-01-01,48137
Three axle trucks; class two vehicles towing trailers; buses (13 or more pass.),2017-02-01,41344
Three axle trucks; class two vehicles towing trailers; buses (13 or more pass.),2017-03-01,48711
Three axle trucks; class two vehicles towing trailers; buses (13 or more pass.),2017-04-01,51530
Three axle trucks; class two vehicles towing trailers; buses (13 or more pass.),2017-05-01,59578
Three axle trucks; class two vehicles towing trailers; buses (13 or more pass.),2017-06-01,63684
Three axle trucks; class two vehicles towing trailers; buses (13 or more pass.),2017-07-01,60054
Three axle trucks; class two vehicles towing trailers; buses (13 or more pass.),2017-08-01,68436
Three axle trucks; class two vehicles towing trailers; buses (13 or more pass.),2017-09-01,61996
Three axle trucks; class two vehicles towing trailers; buses (13 or more pass.),2017-10-01,62252
Three axle trucks; class two vehicles towing trailers; buses (13 or more pass.),2017-11-01,56684
Three axle trucks; class two vehicles towing trailers; buses (13 or more pass.),2017-12-01,50482
Three axle trucks; class two vehicles towing trailers; buses (13 or more pass.),2018-01-01,51264
Three axle trucks; class two vehicles towing trailers; buses (13 or more pass.),2018-02-01,43754
Three axle trucks; class two vehicles towing trailers; buses (13 or more pass.),2018-03-01,47730
Three axle trucks; class two vehicles towing trailers; buses (13 or more pass.),2018-04-01,51548
Three axle trucks; class two vehicles towing trailers; buses (13 or more pass.),2018-05-01,61430
Three axle trucks; class two vehicles towing trailers; buses (13 or more pass.),2018-06-01,62128
Three axle trucks; class two vehicles towing trailers; buses (13 or more pass.),2018-07-01,61625
Three axle trucks; class two vehicles towing trailers; buses (13 or more pass.),2018-08-01,64632
Three axle trucks; class two vehicles towing trailers; buses (13 or more pass.),2018-09-01,58283
Three axle trucks; class two vehicles towing trailers; buses (13 or more pass.),2018-10-01,63694
Three axle trucks; class two vehicles towing trailers; buses (13 or more pass.),2018-11-01,51243
Three axle trucks; class two vehicles towing trailers; buses (13 or more pass.),2018-12-01,47988
Three axle trucks; class two vehicles towing trailers; buses (13 or more pass.),2019-01-01,57444
Three axle trucks; class two vehicles towing trailers; buses (13 or more pass.),2019-02-01,46450
Three axle trucks; class two vehicles towing trailers; buses (13 or more pass.),2019-03-01,53808
Three axle trucks; class two vehicles towing trailers; buses (13 or more pass.),2019-04-01,61546
Three axle trucks; class two vehicles towing trailers; buses (13 or more pass.),2019-05-01,64685
Three axle trucks; class two vehicles towing trailers; buses (13 or more pass.),2019-06-01,62773
Three axle trucks; class two vehicles towing trailers; buses (13 or more pass.),2019-07-01,68381
Three axle trucks; class two vehicles towing trailers; buses (13 or more pass.),2019-08-01,70213
Three axle trucks; class two vehicles towing trailers; buses (13 or more pass.),2019-09-01,66041
Three axle trucks; class two vehicles towing trailers; buses (13 or more pass.),2019-10-01,71360
Three axle trucks; class two vehicles towing trailers; buses (13 or more pass.),2019-11-01,59964
Three axle trucks; class two vehicles towing trailers; buses (13 or more pass.),2019-12-01,53619
Three axle trucks; class two vehicles towing trailers; buses (13 or more pass.),2020-01-01,60003
Three axle trucks; class two vehicles towing trailers; buses (13 or more pass.),2020-02-01,52120
Four axle trucks and combinations -includes Class two vehicles towing two axle trailers,2007-01-01,46121
Four axle trucks and combinations -includes Class two vehicles towing two axle trailers,2007-02-01,41857
Four axle trucks and combinations -includes Class two vehicles towing two axle trailers,2007-03-01,50356
Four axle trucks and combinations -includes Class two vehicles towing two axle trailers,2007-04-01,50751
Four axle trucks and combinations -includes Class two vehicles towing two axle trailers,2007-05-01,61173
Four axle trucks and combinations -includes Class two vehicles towing two axle trailers,2007-06-01,62481
Four axle trucks and combinations -includes Class two vehicles towing two axle trailers,2007-07-01,65151
Four axle trucks and combinations -includes Class two vehicles towing two axle trailers,2007-08-01,72038
Four axle trucks and combinations -includes Class two vehicles towing two axle trailers,2007-09-01,61795
Four axle trucks and combinations -includes Class two vehicles towing two axle trailers,2007-10-01,66413
Four axle trucks and combinations -includes Class two vehicles towing two axle trailers,2007-11-01,53144
Four axle trucks and combinations -includes Class two vehicles towing two axle trailers,2007-12-01,42488
Four axle trucks and combinations -includes Class two vehicles towing two axle trailers,2008-01-01,45862
Four axle trucks and combinations -includes Class two vehicles towing two axle trailers,2008-02-01,41903
Four axle trucks and combinations -includes Class two vehicles towing two axle trailers,2008-03-01,48420
Four axle trucks and combinations -includes Class two vehicles towing two axle trailers,2008-04-01,54625
Four axle trucks and combinations -includes Class two vehicles towing two axle trailers,2008-05-01,58662
Four axle trucks and combinations -includes Class two vehicles towing two axle trailers,2008-06-01,60350
Four axle trucks and combinations -includes Class two vehicles towing two axle trailers,2008-07-01,68125
Four axle trucks and combinations -includes Class two vehicles towing two axle trailers,2008-08-01,61665
Four axle trucks and combinations -includes Class two vehicles towing two axle trailers,2008-09-01,59043
Four axle trucks and combinations -includes Class two vehicles towing two axle trailers,2008-10-01,60256
Four axle trucks and combinations -includes Class two vehicles towing two axle trailers,2008-11-01,43446
Four axle trucks and combinations -includes Class two vehicles towing two axle trailers,2008-12-01,43139
Four axle trucks and combinations -includes Class two vehicles towing two axle trailers,2009-01-01,37750
Four axle trucks and combinations -includes Class two vehicles towing two axle trailers,2009-02-01,36541
Four axle trucks and combinations -includes Class two vehicles towing two axle trailers,2009-03-01,42242
Four axle trucks and combinations -includes Class two vehicles towing two axle trailers,2009-04-01,48208
Four axle trucks and combinations -includes Class two vehicles towing two axle trailers,2009-05-01,49581
Four axle trucks and combinations -includes Class two vehicles towing two axle trailers,2009-06-01,56737
Four axle trucks and combinations -includes Class two vehicles towing two axle trailers,2009-07-01,64102
Four axle trucks and combinations -includes Class two vehicles towing two axle trailers,2009-08-01,57182
Four axle trucks and combinations -includes Class two vehicles towing two axle trailers,2009-09-01,56061
Four axle trucks and combinations -includes Class two vehicles towing two axle trailers,2009-10-01,52270
Four axle trucks and combinations -includes Class two vehicles towing two axle trailers,2009-11-01,42296
Four axle trucks and combinations -includes Class two vehicles towing two axle trailers,2009-12-01,41251
Four axle trucks and combinations -includes Class two vehicles towing two axle trailers,2010-01-01,34115
Four axle trucks and combinations -includes Class two vehicles towing two axle trailers,2010-02-01,33552
Four axle trucks and combinations -includes Class two vehicles towing two axle trailers,2010-03-01,43186
Four axle trucks and combinations -includes Class two vehicles towing two axle trailers,2010-04-01,50730
Four axle trucks and combinations -includes Class two vehicles towing two axle trailers,2010-05-01,52273
Four axle trucks and combinations -includes Class two vehicles towing two axle trailers,2010-06-01,56355
Four axle trucks and combinations -includes Class two vehicles towing two axle trailers,2010-07-01,59492
Four axle trucks and combinations -includes Class two vehicles towing two axle trailers,2010-08-01,60268
Four axle trucks and combinations -includes Class two vehicles towing two axle trailers,2010-09-01,57652
Four axle trucks and combinations -includes Class two vehicles towing two axle trailers,2010-10-01,52400
Four axle trucks and combinations -includes Class two vehicles towing two axle trailers,2010-11-01,43569
Four axle trucks and combinations -includes Class two vehicles towing two axle trailers,2010-12-01,40782
Four axle trucks and combinations -includes Class two vehicles towing two axle trailers,2011-01-01,35262
Four axle trucks and combinations -includes Class two vehicles towing two axle trailers,2011-02-01,32394
Four axle trucks and combinations -includes Class two vehicles towing two axle trailers,2011-03-01,41552
Four axle trucks and combinations -includes Class two vehicles towing two axle trailers,2011-04-01,43240
Four axle trucks and combinations -includes Class two vehicles towing two axle trailers,2011-05-01,48711
Four axle trucks and combinations -includes Class two vehicles towing two axle trailers,2011-06-01,56231
Four axle trucks and combinations -includes Class two vehicles towing two axle trailers,2011-07-01,53650
Four axle trucks and combinations -includes Class two vehicles towing two axle trailers,2011-08-01,58701
Four axle trucks and combinations -includes Class two vehicles towing two axle trailers,2011-09-01,52968
Four axle trucks and combinations -includes Class two vehicles towing two axle trailers,2011-10-01,49873
Four axle trucks and combinations -includes Class two vehicles towing two axle trailers,2011-11-01,43837
Four axle trucks and combinations -includes Class two vehicles towing two axle trailers,2011-12-01,40521
Four axle trucks and combinations -includes Class two vehicles towing two axle trailers,2012-01-01,38349
Four axle trucks and combinations -includes Class two vehicles towing two axle trailers,2012-02-01,37951
Four axle trucks and combinations -includes Class two vehicles towing two axle trailers,2012-03-01,40683
Four axle trucks and combinations -includes Class two vehicles towing two axle trailers,2012-04-01,44765
Four axle trucks and combinations -includes Class two vehicles towing two axle trailers,2012-05-01,51367
Four axle trucks and combinations -includes Class two vehicles towing two axle trailers,2012-06-01,52875
Four axle trucks and combinations -includes Class two vehicles towing two axle trailers,2012-07-01,55625
Four axle trucks and combinations -includes Class two vehicles towing two axle trailers,2012-08-01,61860
Four axle trucks and combinations -includes Class two vehicles towing two axle trailers,2012-09-01,53497
Four axle trucks and combinations -includes Class two vehicles towing two axle trailers,2012-10-01,56228
Four axle trucks and combinations -includes Class two vehicles towing two axle trailers,2012-11-01,46444
Four axle trucks and combinations -includes Class two vehicles towing two axle trailers,2012-12-01,38423
Four axle trucks and combinations -includes Class two vehicles towing two axle trailers,2013-01-01,41741
Four axle trucks and combinations -includes Class two vehicles towing two axle trailers,2013-02-01,36303
Four axle trucks and combinations -includes Class two vehicles towing two axle trailers,2013-03-01,41151
Four axle trucks and combinations -includes Class two vehicles towing two axle trailers,2013-04-01,47112
Four axle trucks and combinations -includes Class two vehicles towing two axle trailers,2013-05-01,54147
Four axle trucks and combinations -includes Class two vehicles towing two axle trailers,2013-06-01,53227
Four axle trucks and combinations -includes Class two vehicles towing two axle trailers,2013-07-01,58401
Four axle trucks and combinations -includes Class two vehicles towing two axle trailers,2013-08-01,64131
Four axle trucks and combinations -includes Class two vehicles towing two axle trailers,2013-09-01,56120
Four axle trucks and combinations -includes Class two vehicles towing two axle trailers,2013-10-01,57001
Four axle trucks and combinations -includes Class two vehicles towing two axle trailers,2013-11-01,43875
Four axle trucks and combinations -includes Class two vehicles towing two axle trailers,2013-12-01,40618
Four axle trucks and combinations -includes Class two vehicles towing two axle trailers,2014-01-01,39696
Four axle trucks and combinations -includes Class two vehicles towing two axle trailers,2014-02-01,36038
Four axle trucks and combinations -includes Class two vehicles towing two axle trailers,2014-03-01,42754
Four axle trucks and combinations -includes Class two vehicles towing two axle trailers,2014-04-01,47396
Four axle trucks and combinations -includes Class two vehicles towing two axle trailers,2014-05-01,53129
Four axle trucks and combinations -includes Class two vehicles towing two axle trailers,2014-06-01,57272
Four axle trucks and combinations -includes Class two vehicles towing two axle trailers,2014-07-01,61072
Four axle trucks and combinations -includes Class two vehicles towing two axle trailers,2014-08-01,60733
Four axle trucks and combinations -includes Class two vehicles towing two axle trailers,2014-09-01,58249
Four axle trucks and combinations -includes Class two vehicles towing two axle trailers,2014-10-01,56514
Four axle trucks and combinations -includes Class two vehicles towing two axle trailers,2014-11-01,41351
Four axle trucks and combinations -includes Class two vehicles towing two axle trailers,2014-12-01,43791
Four axle trucks and combinations -includes Class two vehicles towing two axle trailers,2015-01-01,36576
Four axle trucks and combinations -includes Class two vehicles towing two axle trailers,2015-02-01,34473
Four axle trucks and combinations -includes Class two vehicles towing two axle trailers,2015-03-01,42145
Four axle trucks and combinations -includes Class two vehicles towing two axle trailers,2015-04-01,49719
Four axle trucks and combinations -includes Class two vehicles towing two axle trailers,2015-05-01,54350
Four axle trucks and combinations -includes Class two vehicles towing two axle trailers,2015-06-01,59779
Four axle trucks and combinations -includes Class two vehicles towing two axle trailers,2015-07-01,66105
Four axle trucks and combinations -includes Class two vehicles towing two axle trailers,2015-08-01,62884
Four axle trucks and combinations -includes Class two vehicles towing two axle trailers,2015-09-01,60084
Four axle trucks and combinations -includes Class two vehicles towing two axle trailers,2015-10-01,61837
Four axle trucks and combinations -includes Class two vehicles towing two axle trailers,2015-11-01,50520
Four axle trucks and combinations -includes Class two vehicles towing two axle trailers,2015-12-01,50588
Four axle trucks and combinations -includes Class two vehicles towing two axle trailers,2016-01-01,43212
Four axle trucks and combinations -includes Class two vehicles towing two axle trailers,2016-02-01,42089
Four axle trucks and combinations -includes Class two vehicles towing two axle trailers,2016-03-01,48593
Four axle trucks and combinations -includes Class two vehicles towing two axle trailers,2016-04-01,50014
Four axle trucks and combinations -includes Class two vehicles towing two axle trailers,2016-05-01,57031
Four axle trucks and combinations -includes Class two vehicles towing two axle trailers,2016-06-01,64545
Four axle trucks and combinations -includes Class two vehicles towing two axle trailers,2016-07-01,62238
Four axle trucks and combinations -includes Class two vehicles towing two axle trailers,2016-08-01,69241
Four axle trucks and combinations -includes Class two vehicles towing two axle trailers,2016-09-01,64091
Four axle trucks and combinations -includes Class two vehicles towing two axle trailers,2016-10-01,60295
Four axle trucks and combinations -includes Class two vehicles towing two axle trailers,2016-11-01,53457
Four axle trucks and combinations -includes Class two vehicles towing two axle trailers,2016-12-01,48382
Four axle trucks and combinations -includes Class two vehicles towing two axle trailers,2017-01-01,46335
Four axle trucks and combinations -includes Class two vehicles towing two axle trailers,2017-02-01,39576
Four axle trucks and combinations -includes Class two vehicles towing two axle trailers,2017-03-01,48943
Four axle trucks and combinations -includes Class two vehicles towing two axle trailers,2017-04-01,50659
Four axle trucks and combinations -includes Class two vehicles towing two axle trailers,2017-05-01,62030
Four axle trucks and combinations -includes Class two vehicles towing two axle trailers,2017-06-01,66860
Four axle trucks and combinations -includes Class two vehicles towing two axle trailers,2017-07-01,63624
Four axle trucks and combinations -includes Class two vehicles towing two axle trailers,2017-08-01,73073
Four axle trucks and combinations -includes Class two vehicles towing two axle trailers,2017-09-01,63047
Four axle trucks and combinations -includes Class two vehicles towing two axle trailers,2017-10-01,61864
Four axle trucks and combinations -includes Class two vehicles towing two axle trailers,2017-11-01,55007
Four axle trucks and combinations -includes Class two vehicles towing two axle trailers,2017-12-01,49294
Four axle trucks and combinations -includes Class two vehicles towing two axle trailers,2018-01-01,48015
Four axle trucks and combinations -includes Class two vehicles towing two axle trailers,2018-02-01,43498
Four axle trucks and combinations -includes Class two vehicles towing two axle trailers,2018-03-01,48120
Four axle trucks and combinations -includes Class two vehicles towing two axle trailers,2018-04-01,54060
Four axle trucks and combinations -includes Class two vehicles towing two axle trailers,2018-05-01,64783
Four axle trucks and combinations -includes Class two vehicles towing two axle trailers,2018-06-01,65155
Four axle trucks and combinations -includes Class two vehicles towing two axle trailers,2018-07-01,67008
Four axle trucks and combinations -includes Class two vehicles towing two axle trailers,2018-08-01,70098
Four axle trucks and combinations -includes Class two vehicles towing two axle trailers,2018-09-01,61087
Four axle trucks and combinations -includes Class two vehicles towing two axle trailers,2018-10-01,65202
Four axle trucks and combinations -includes Class two vehicles towing two axle trailers,2018-11-01,52164
Four axle trucks and combinations -includes Class two vehicles towing two axle trailers,2018-12-01,50886
Four axle trucks and combinations -includes Class two vehicles towing two axle trailers,2019-01-01,52281
Four axle trucks and combinations -includes Class two vehicles towing two axle trailers,2019-02-01,45036
Four axle trucks and combinations -includes Class two vehicles towing two axle trailers,2019-03-01,53070
Four axle trucks and combinations -includes Class two vehicles towing two axle trailers,2019-04-01,63644
Four axle trucks and combinations -includes Class two vehicles towing two axle trailers,2019-05-01,68651
Four axle trucks and combinations -includes Class two vehicles towing two axle trailers,2019-06-01,64700
Four axle trucks and combinations -includes Class two vehicles towing two axle trailers,2019-07-01,81542
Four axle trucks and combinations -includes Class two vehicles towing two axle trailers,2019-08-01,70076
Four axle trucks and combinations -includes Class two vehicles towing two axle trailers,2019-09-01,65115
Four axle trucks and combinations -includes Class two vehicles towing two axle trailers,2019-10-01,70640
Four axle trucks and combinations -includes Class two vehicles towing two axle trailers,2019-11-01,57387
Four axle trucks and combinations -includes Class two vehicles towing two axle trailers,2019-12-01,47076
Four axle trucks and combinations -includes Class two vehicles towing two axle trailers,2020-01-01,52895
Four axle trucks and combinations -includes Class two vehicles towing two axle trailers,2020-02-01,49413
Five axle vehicles and combinations - includes all vehicles requiring Overlimit Permit,2007-01-01,335519
Five axle vehicles and combinations - includes all vehicles requiring Overlimit Permit,2007-02-01,300621
Five axle vehicles and combinations - includes all vehicles requiring Overlimit Permit,2007-03-01,346430
Five axle vehicles and combinations - includes all vehicles requiring Overlimit Permit,2007-04-01,335463
Five axle vehicles and combinations - includes all vehicles requiring Overlimit Permit,2007-05-01,391880
Five axle vehicles and combinations - includes all vehicles requiring Overlimit Permit,2007-06-01,373269
Five axle vehicles and combinations - includes all vehicles requiring Overlimit Permit,2007-07-01,363366
Five axle vehicles and combinations - includes all vehicles requiring Overlimit Permit,2007-08-01,380907
Five axle vehicles and combinations - includes all vehicles requiring Overlimit Permit,2007-09-01,338662
Five axle vehicles and combinations - includes all vehicles requiring Overlimit Permit,2007-10-01,377077
Five axle vehicles and combinations - includes all vehicles requiring Overlimit Permit,2007-11-01,341931
Five axle vehicles and combinations - includes all vehicles requiring Overlimit Permit,2007-12-01,314087
Five axle vehicles and combinations - includes all vehicles requiring Overlimit Permit,2008-01-01,336720
Five axle vehicles and combinations - includes all vehicles requiring Overlimit Permit,2008-02-01,307408
Five axle vehicles and combinations - includes all vehicles requiring Overlimit Permit,2008-03-01,333011
Five axle vehicles and combinations - includes all vehicles requiring Overlimit Permit,2008-04-01,352317
Five axle vehicles and combinations - includes all vehicles requiring Overlimit Permit,2008-05-01,360410
Five axle vehicles and combinations - includes all vehicles requiring Overlimit Permit,2008-06-01,347788
Five axle vehicles and combinations - includes all vehicles requiring Overlimit Permit,2008-07-01,355762
Five axle vehicles and combinations - includes all vehicles requiring Overlimit Permit,2008-08-01,330554
Five axle vehicles and combinations - includes all vehicles requiring Overlimit Permit,2008-09-01,328743
Five axle vehicles and combinations - includes all vehicles requiring Overlimit Permit,2008-10-01,336477
Five axle vehicles and combinations - includes all vehicles requiring Overlimit Permit,2008-11-01,287934
Five axle vehicles and combinations - includes all vehicles requiring Overlimit Permit,2008-12-01,293509
Five axle vehicles and combinations - includes all vehicles requiring Overlimit Permit,2009-01-01,284478
Five axle vehicles and combinations - includes all vehicles requiring Overlimit Permit,2009-02-01,259540
Five axle vehicles and combinations - includes all vehicles requiring Overlimit Permit,2009-03-01,295913
Five axle vehicles and combinations - includes all vehicles requiring Overlimit Permit,2009-04-01,318830
Five axle vehicles and combinations - includes all vehicles requiring Overlimit Permit,2009-05-01,330627
Five axle vehicles and combinations - includes all vehicles requiring Overlimit Permit,2009-06-01,335984
Five axle vehicles and combinations - includes all vehicles requiring Overlimit Permit,2009-07-01,326645
Five axle vehicles and combinations - includes all vehicles requiring Overlimit Permit,2009-08-01,321771
Five axle vehicles and combinations - includes all vehicles requiring Overlimit Permit,2009-09-01,317396
Five axle vehicles and combinations - includes all vehicles requiring Overlimit Permit,2009-10-01,323531
Five axle vehicles and combinations - includes all vehicles requiring Overlimit Permit,2009-11-01,296522
Five axle vehicles and combinations - includes all vehicles requiring Overlimit Permit,2009-12-01,302409
Five axle vehicles and combinations - includes all vehicles requiring Overlimit Permit,2010-01-01,284238
Five axle vehicles and combinations - includes all vehicles requiring Overlimit Permit,2010-02-01,271020
Five axle vehicles and combinations - includes all vehicles requiring Overlimit Permit,2010-03-01,324187
Five axle vehicles and combinations - includes all vehicles requiring Overlimit Permit,2010-04-01,337517
Five axle vehicles and combinations - includes all vehicles requiring Overlimit Permit,2010-05-01,338005
Five axle vehicles and combinations - includes all vehicles requiring Overlimit Permit,2010-06-01,348613
Five axle vehicles and combinations - includes all vehicles requiring Overlimit Permit,2010-07-01,340593
Five axle vehicles and combinations - includes all vehicles requiring Overlimit Permit,2010-08-01,345102
Five axle vehicles and combinations - includes all vehicles requiring Overlimit Permit,2010-09-01,325481
Five axle vehicles and combinations - includes all vehicles requiring Overlimit Permit,2010-10-01,318335
Five axle vehicles and combinations - includes all vehicles requiring Overlimit Permit,2010-11-01,319558
Five axle vehicles and combinations - includes all vehicles requiring Overlimit Permit,2010-12-01,309115
Five axle vehicles and combinations - includes all vehicles requiring Overlimit Permit,2011-01-01,296476
Five axle vehicles and combinations - includes all vehicles requiring Overlimit Permit,2011-02-01,278461
Five axle vehicles and combinations - includes all vehicles requiring Overlimit Permit,2011-03-01,336612
Five axle vehicles and combinations - includes all vehicles requiring Overlimit Permit,2011-04-01,319110
Five axle vehicles and combinations - includes all vehicles requiring Overlimit Permit,2011-05-01,339302
Five axle vehicles and combinations - includes all vehicles requiring Overlimit Permit,2011-06-01,341559
Five axle vehicles and combinations - includes all vehicles requiring Overlimit Permit,2011-07-01,322687
Five axle vehicles and combinations - includes all vehicles requiring Overlimit Permit,2011-08-01,351566
Five axle vehicles and combinations - includes all vehicles requiring Overlimit Permit,2011-09-01,328865
Five axle vehicles and combinations - includes all vehicles requiring Overlimit Permit,2011-10-01,315026
Five axle vehicles and combinations - includes all vehicles requiring Overlimit Permit,2011-11-01,312946
Five axle vehicles and combinations - includes all vehicles requiring Overlimit Permit,2011-12-01,307653
Five axle vehicles and combinations - includes all vehicles requiring Overlimit Permit,2012-01-01,300697
Five axle vehicles and combinations - includes all vehicles requiring Overlimit Permit,2012-02-01,290460
Five axle vehicles and combinations - includes all vehicles requiring Overlimit Permit,2012-03-01,319033
Five axle vehicles and combinations - includes all vehicles requiring Overlimit Permit,2012-04-01,317842
Five axle vehicles and combinations - includes all vehicles requiring Overlimit Permit,2012-05-01,342128
Five axle vehicles and combinations - includes all vehicles requiring Overlimit Permit,2012-06-01,330597
Five axle vehicles and combinations - includes all vehicles requiring Overlimit Permit,2012-07-01,332779
Five axle vehicles and combinations - includes all vehicles requiring Overlimit Permit,2012-08-01,340287
Five axle vehicles and combinations - includes all vehicles requiring Overlimit Permit,2012-09-01,300402
Five axle vehicles and combinations - includes all vehicles requiring Overlimit Permit,2012-10-01,330176
Five axle vehicles and combinations - includes all vehicles requiring Overlimit Permit,2012-11-01,314886
Five axle vehicles and combinations - includes all vehicles requiring Overlimit Permit,2012-12-01,286561
Five axle vehicles and combinations - includes all vehicles requiring Overlimit Permit,2013-01-01,306079
Five axle vehicles and combinations - includes all vehicles requiring Overlimit Permit,2013-02-01,267172
Five axle vehicles and combinations - includes all vehicles requiring Overlimit Permit,2013-03-01,305189
Five axle vehicles and combinations - includes all vehicles requiring Overlimit Permit,2013-04-01,323235
Five axle vehicles and combinations - includes all vehicles requiring Overlimit Permit,2013-05-01,350119
Five axle vehicles and combinations - includes all vehicles requiring Overlimit Permit,2013-06-01,320010
Five axle vehicles and combinations - includes all vehicles requiring Overlimit Permit,2013-07-01,339395
Five axle vehicles and combinations - includes all vehicles requiring Overlimit Permit,2013-08-01,333566
Five axle vehicles and combinations - includes all vehicles requiring Overlimit Permit,2013-09-01,310100
Five axle vehicles and combinations - includes all vehicles requiring Overlimit Permit,2013-10-01,331887
Five axle vehicles and combinations - includes all vehicles requiring Overlimit Permit,2013-11-01,297387
Five axle vehicles and combinations - includes all vehicles requiring Overlimit Permit,2013-12-01,295623
Five axle vehicles and combinations - includes all vehicles requiring Overlimit Permit,2014-01-01,303841
Five axle vehicles and combinations - includes all vehicles requiring Overlimit Permit,2014-02-01,264094
Five axle vehicles and combinations - includes all vehicles requiring Overlimit Permit,2014-03-01,303813
Five axle vehicles and combinations - includes all vehicles requiring Overlimit Permit,2014-04-01,326049
Five axle vehicles and combinations - includes all vehicles requiring Overlimit Permit,2014-05-01,343600
Five axle vehicles and combinations - includes all vehicles requiring Overlimit Permit,2014-06-01,333446
Five axle vehicles and combinations - includes all vehicles requiring Overlimit Permit,2014-07-01,343246
Five axle vehicles and combinations - includes all vehicles requiring Overlimit Permit,2014-08-01,337431
Five axle vehicles and combinations - includes all vehicles requiring Overlimit Permit,2014-09-01,328351
Five axle vehicles and combinations - includes all vehicles requiring Overlimit Permit,2014-10-01,334522
Five axle vehicles and combinations - includes all vehicles requiring Overlimit Permit,2014-11-01,293720
Five axle vehicles and combinations - includes all vehicles requiring Overlimit Permit,2014-12-01,312790
Five axle vehicles and combinations - includes all vehicles requiring Overlimit Permit,2015-01-01,287263
Five axle vehicles and combinations - includes all vehicles requiring Overlimit Permit,2015-02-01,270498
Five axle vehicles and combinations - includes all vehicles requiring Overlimit Permit,2015-03-01,323272
Five axle vehicles and combinations - includes all vehicles requiring Overlimit Permit,2015-04-01,330777
Five axle vehicles and combinations - includes all vehicles requiring Overlimit Permit,2015-05-01,340938
Five axle vehicles and combinations - includes all vehicles requiring Overlimit Permit,2015-06-01,349905
Five axle vehicles and combinations - includes all vehicles requiring Overlimit Permit,2015-07-01,348435
Five axle vehicles and combinations - includes all vehicles requiring Overlimit Permit,2015-08-01,342900
Five axle vehicles and combinations - includes all vehicles requiring Overlimit Permit,2015-09-01,343695
Five axle vehicles and combinations - includes all vehicles requiring Overlimit Permit,2015-10-01,345165
Five axle vehicles and combinations - includes all vehicles requiring Overlimit Permit,2015-11-01,313801
Five axle vehicles and combinations - includes all vehicles requiring Overlimit Permit,2015-12-01,319216
Five axle vehicles and combinations - includes all vehicles requiring Overlimit Permit,2016-01-01,300528
Five axle vehicles and combinations - includes all vehicles requiring Overlimit Permit,2016-02-01,299315
Five axle vehicles and combinations - includes all vehicles requiring Overlimit Permit,2016-03-01,343289
Five axle vehicles and combinations - includes all vehicles requiring Overlimit Permit,2016-04-01,332968
Five axle vehicles and combinations - includes all vehicles requiring Overlimit Permit,2016-05-01,355781
Five axle vehicles and combinations - includes all vehicles requiring Overlimit Permit,2016-06-01,361039
Five axle vehicles and combinations - includes all vehicles requiring Overlimit Permit,2016-07-01,336960
Five axle vehicles and combinations - includes all vehicles requiring Overlimit Permit,2016-08-01,365867
Five axle vehicles and combinations - includes all vehicles requiring Overlimit Permit,2016-09-01,344562
Five axle vehicles and combinations - includes all vehicles requiring Overlimit Permit,2016-10-01,339634
Five axle vehicles and combinations - includes all vehicles requiring Overlimit Permit,2016-11-01,329874
Five axle vehicles and combinations - includes all vehicles requiring Overlimit Permit,2016-12-01,322601
Five axle vehicles and combinations - includes all vehicles requiring Overlimit Permit,2017-01-01,324922
Five axle vehicles and combinations - includes all vehicles requiring Overlimit Permit,2017-02-01,283726
Five axle vehicles and combinations - includes all vehicles requiring Overlimit Permit,2017-03-01,335587
Five axle vehicles and combinations - includes all vehicles requiring Overlimit Permit,2017-04-01,329168
Five axle vehicles and combinations - includes all vehicles requiring Overlimit Permit,2017-05-01,371695
Five axle vehicles and combinations - includes all vehicles requiring Overlimit Permit,2017-06-01,364780
Five axle vehicles and combinations - includes all vehicles requiring Overlimit Permit,2017-07-01,344480
Five axle vehicles and combinations - includes all vehicles requiring Overlimit Permit,2017-08-01,363420
Five axle vehicles and combinations - includes all vehicles requiring Overlimit Permit,2017-09-01,337108
Five axle vehicles and combinations - includes all vehicles requiring Overlimit Permit,2017-10-01,353061
Five axle vehicles and combinations - includes all vehicles requiring Overlimit Permit,2017-11-01,336415
Five axle vehicles and combinations - includes all vehicles requiring Overlimit Permit,2017-12-01,315748
Five axle vehicles and combinations - includes all vehicles requiring Overlimit Permit,2018-01-01,318604
Five axle vehicles and combinations - includes all vehicles requiring Overlimit Permit,2018-02-01,293242
Five axle vehicles and combinations - includes all vehicles requiring Overlimit Permit,2018-03-01,327864
Five axle vehicles and combinations - includes all vehicles requiring Overlimit Permit,2018-04-01,345178
Five axle vehicles and combinations - includes all vehicles requiring Overlimit Permit,2018-05-01,385692
Five axle vehicles and combinations - includes all vehicles requiring Overlimit Permit,2018-06-01,365657
Five axle vehicles and combinations - includes all vehicles requiring Overlimit Permit,2018-07-01,354181
Five axle vehicles and combinations - includes all vehicles requiring Overlimit Permit,2018-08-01,376560
Five axle vehicles and combinations - includes all vehicles requiring Overlimit Permit,2018-09-01,338896
Five axle vehicles and combinations - includes all vehicles requiring Overlimit Permit,2018-10-01,360746
Five axle vehicles and combinations - includes all vehicles requiring Overlimit Permit,2018-11-01,328242
Five axle vehicles and combinations - includes all vehicles requiring Overlimit Permit,2018-12-01,325688
Five axle vehicles and combinations - includes all vehicles requiring Overlimit Permit,2019-01-01,320199
Five axle vehicles and combinations - includes all vehicles requiring Overlimit Permit,2019-02-01,289315
Five axle vehicles and combinations - includes all vehicles requiring Overlimit Permit,2019-03-01,331017
Five axle vehicles and combinations - includes all vehicles requiring Overlimit Permit,2019-04-01,355923
Five axle vehicles and combinations - includes all vehicles requiring Overlimit Permit,2019-05-01,375423
Five axle vehicles and combinations - includes all vehicles requiring Overlimit Permit,2019-06-01,357064
Five axle vehicles and combinations - includes all vehicles requiring Overlimit Permit,2019-07-01,360235
Five axle vehicles and combinations - includes all vehicles requiring Overlimit Permit,2019-08-01,375813
Five axle vehicles and combinations - includes all vehicles requiring Overlimit Permit,2019-09-01,343554
Five axle vehicles and combinations - includes all vehicles requiring Overlimit Permit,2019-10-01,370742
Five axle vehicles and combinations - includes all vehicles requiring Overlimit Permit,2019-11-01,328300
Five axle vehicles and combinations - includes all vehicles requiring Overlimit Permit,2019-12-01,316985
Five axle vehicles and combinations - includes all vehicles requiring Overlimit Permit,2020-01-01,328990
Five axle vehicles and combinations - includes all vehicles requiring Overlimit Permit,2020-02-01,299080
Six or more axle vehicles includes double-bottoms,2007-01-01,53637
Six or more axle vehicles includes double-bottoms,2007-02-01,50546
Six or more axle vehicles includes double-bottoms,2007-03-01,54622
Six or more axle vehicles includes double-bottoms,2007-04-01,51056
Six or more axle vehicles includes double-bottoms,2007-05-01,63783
Six or more axle vehicles includes double-bottoms,2007-06-01,58091
Six or more axle vehicles includes double-bottoms,2007-07-01,56043
Six or more axle vehicles includes double-bottoms,2007-08-01,58636
Six or more axle vehicles includes double-bottoms,2007-09-01,50594
Six or more axle vehicles includes double-bottoms,2007-10-01,58157
Six or more axle vehicles includes double-bottoms,2007-11-01,52308
Six or more axle vehicles includes double-bottoms,2007-12-01,49805
Six or more axle vehicles includes double-bottoms,2008-01-01,53780
Six or more axle vehicles includes double-bottoms,2008-02-01,48524
Six or more axle vehicles includes double-bottoms,2008-03-01,51658
Six or more axle vehicles includes double-bottoms,2008-04-01,57251
Six or more axle vehicles includes double-bottoms,2008-05-01,58521
Six or more axle vehicles includes double-bottoms,2008-06-01,54456
Six or more axle vehicles includes double-bottoms,2008-07-01,57562
Six or more axle vehicles includes double-bottoms,2008-08-01,53602
Six or more axle vehicles includes double-bottoms,2008-09-01,50465
Six or more axle vehicles includes double-bottoms,2008-10-01,52676
Six or more axle vehicles includes double-bottoms,2008-11-01,41532
Six or more axle vehicles includes double-bottoms,2008-12-01,46601
Six or more axle vehicles includes double-bottoms,2009-01-01,45707
Six or more axle vehicles includes double-bottoms,2009-02-01,41601
Six or more axle vehicles includes double-bottoms,2009-03-01,44515
Six or more axle vehicles includes double-bottoms,2009-04-01,46545
Six or more axle vehicles includes double-bottoms,2009-05-01,48800
Six or more axle vehicles includes double-bottoms,2009-06-01,49669
Six or more axle vehicles includes double-bottoms,2009-07-01,52383
Six or more axle vehicles includes double-bottoms,2009-08-01,47359
Six or more axle vehicles includes double-bottoms,2009-09-01,48484
Six or more axle vehicles includes double-bottoms,2009-10-01,48979
Six or more axle vehicles includes double-bottoms,2009-11-01,43400
Six or more axle vehicles includes double-bottoms,2009-12-01,43352
Six or more axle vehicles includes double-bottoms,2010-01-01,36832
Six or more axle vehicles includes double-bottoms,2010-02-01,34426
Six or more axle vehicles includes double-bottoms,2010-03-01,42423
Six or more axle vehicles includes double-bottoms,2010-04-01,46502
Six or more axle vehicles includes double-bottoms,2010-05-01,46401
Six or more axle vehicles includes double-bottoms,2010-06-01,46001
Six or more axle vehicles includes double-bottoms,2010-07-01,43024
Six or more axle vehicles includes double-bottoms,2010-08-01,44918
Six or more axle vehicles includes double-bottoms,2010-09-01,43635
Six or more axle vehicles includes double-bottoms,2010-10-01,43312
Six or more axle vehicles includes double-bottoms,2010-11-01,42829
Six or more axle vehicles includes double-bottoms,2010-12-01,43057
Six or more axle vehicles includes double-bottoms,2011-01-01,44716
Six or more axle vehicles includes double-bottoms,2011-02-01,41411
Six or more axle vehicles includes double-bottoms,2011-03-01,47963
Six or more axle vehicles includes double-bottoms,2011-04-01,45850
Six or more axle vehicles includes double-bottoms,2011-05-01,50554
Six or more axle vehicles includes double-bottoms,2011-06-01,51092
Six or more axle vehicles includes double-bottoms,2011-07-01,46971
Six or more axle vehicles includes double-bottoms,2011-08-01,52108
Six or more axle vehicles includes double-bottoms,2011-09-01,49471
Six or more axle vehicles includes double-bottoms,2011-10-01,48154
Six or more axle vehicles includes double-bottoms,2011-11-01,46231
Six or more axle vehicles includes double-bottoms,2011-12-01,45555
Six or more axle vehicles includes double-bottoms,2012-01-01,42907
Six or more axle vehicles includes double-bottoms,2012-02-01,44443
Six or more axle vehicles includes double-bottoms,2012-03-01,49257
Six or more axle vehicles includes double-bottoms,2012-04-01,48568
Six or more axle vehicles includes double-bottoms,2012-05-01,51626
Six or more axle vehicles includes double-bottoms,2012-06-01,46314
Six or more axle vehicles includes double-bottoms,2012-07-01,46829
Six or more axle vehicles includes double-bottoms,2012-08-01,49528
Six or more axle vehicles includes double-bottoms,2012-09-01,43606
Six or more axle vehicles includes double-bottoms,2012-10-01,48110
Six or more axle vehicles includes double-bottoms,2012-11-01,44791
Six or more axle vehicles includes double-bottoms,2012-12-01,40552
Six or more axle vehicles includes double-bottoms,2013-01-01,48369
Six or more axle vehicles includes double-bottoms,2013-02-01,39433
Six or more axle vehicles includes double-bottoms,2013-03-01,41793
Six or more axle vehicles includes double-bottoms,2013-04-01,52469
Six or more axle vehicles includes double-bottoms,2013-05-01,54780
Six or more axle vehicles includes double-bottoms,2013-06-01,46450
Six or more axle vehicles includes double-bottoms,2013-07-01,48251
Six or more axle vehicles includes double-bottoms,2013-08-01,49710
Six or more axle vehicles includes double-bottoms,2013-09-01,45731
Six or more axle vehicles includes double-bottoms,2013-10-01,51179
Six or more axle vehicles includes double-bottoms,2013-11-01,42576
Six or more axle vehicles includes double-bottoms,2013-12-01,43486
Six or more axle vehicles includes double-bottoms,2014-01-01,45801
Six or more axle vehicles includes double-bottoms,2014-02-01,39455
Six or more axle vehicles includes double-bottoms,2014-03-01,43971
Six or more axle vehicles includes double-bottoms,2014-04-01,47170
Six or more axle vehicles includes double-bottoms,2014-05-01,50014
Six or more axle vehicles includes double-bottoms,2014-06-01,50192
Six or more axle vehicles includes double-bottoms,2014-07-01,50691
Six or more axle vehicles includes double-bottoms,2014-08-01,48754
Six or more axle vehicles includes double-bottoms,2014-09-01,49040
Six or more axle vehicles includes double-bottoms,2014-10-01,50980
Six or more axle vehicles includes double-bottoms,2014-11-01,40742
Six or more axle vehicles includes double-bottoms,2014-12-01,43679
Six or more axle vehicles includes double-bottoms,2015-01-01,40876
Six or more axle vehicles includes double-bottoms,2015-02-01,39212
Six or more axle vehicles includes double-bottoms,2015-03-01,44025
Six or more axle vehicles includes double-bottoms,2015-04-01,46214
Six or more axle vehicles includes double-bottoms,2015-05-01,47930
Six or more axle vehicles includes double-bottoms,2015-06-01,50258
Six or more axle vehicles includes double-bottoms,2015-07-01,50984
Six or more axle vehicles includes double-bottoms,2015-08-01,47678
Six or more axle vehicles includes double-bottoms,2015-09-01,47026
Six or more axle vehicles includes double-bottoms,2015-10-01,49459
Six or more axle vehicles includes double-bottoms,2015-11-01,44239
Six or more axle vehicles includes double-bottoms,2015-12-01,45487
Six or more axle vehicles includes double-bottoms,2016-01-01,43212
Six or more axle vehicles includes double-bottoms,2016-02-01,40799
Six or more axle vehicles includes double-bottoms,2016-03-01,47654
Six or more axle vehicles includes double-bottoms,2016-04-01,47859
Six or more axle vehicles includes double-bottoms,2016-05-01,50999
Six or more axle vehicles includes double-bottoms,2016-06-01,54279
Six or more axle vehicles includes double-bottoms,2016-07-01,49212
Six or more axle vehicles includes double-bottoms,2016-08-01,54495
Six or more axle vehicles includes double-bottoms,2016-09-01,54060
Six or more axle vehicles includes double-bottoms,2016-10-01,55050
Six or more axle vehicles includes double-bottoms,2016-11-01,52560
Six or more axle vehicles includes double-bottoms,2016-12-01,52013
Six or more axle vehicles includes double-bottoms,2017-01-01,50971
Six or more axle vehicles includes double-bottoms,2017-02-01,43122
Six or more axle vehicles includes double-bottoms,2017-03-01,51129
Six or more axle vehicles includes double-bottoms,2017-04-01,51529
Six or more axle vehicles includes double-bottoms,2017-05-01,60201
Six or more axle vehicles includes double-bottoms,2017-06-01,60342
Six or more axle vehicles includes double-bottoms,2017-07-01,54424
Six or more axle vehicles includes double-bottoms,2017-08-01,59536
Six or more axle vehicles includes double-bottoms,2017-09-01,54157
Six or more axle vehicles includes double-bottoms,2017-10-01,56709
Six or more axle vehicles includes double-bottoms,2017-11-01,55325
Six or more axle vehicles includes double-bottoms,2017-12-01,52589
Six or more axle vehicles includes double-bottoms,2018-01-01,54287
Six or more axle vehicles includes double-bottoms,2018-02-01,48564
Six or more axle vehicles includes double-bottoms,2018-03-01,51160
Six or more axle vehicles includes double-bottoms,2018-04-01,54121
Six or more axle vehicles includes double-bottoms,2018-05-01,61287
Six or more axle vehicles includes double-bottoms,2018-06-01,59039
Six or more axle vehicles includes double-bottoms,2018-07-01,55557
Six or more axle vehicles includes double-bottoms,2018-08-01,59026
Six or more axle vehicles includes double-bottoms,2018-09-01,51654
Six or more axle vehicles includes double-bottoms,2018-10-01,56945
Six or more axle vehicles includes double-bottoms,2018-11-01,51640
Six or more axle vehicles includes double-bottoms,2018-12-01,52078
Six or more axle vehicles includes double-bottoms,2019-01-01,53295
Six or more axle vehicles includes double-bottoms,2019-02-01,47089
Six or more axle vehicles includes double-bottoms,2019-03-01,53323
Six or more axle vehicles includes double-bottoms,2019-04-01,56130
Six or more axle vehicles includes double-bottoms,2019-05-01,60783
Six or more axle vehicles includes double-bottoms,2019-06-01,56323
Six or more axle vehicles includes double-bottoms,2019-07-01,58965
Six or more axle vehicles includes double-bottoms,2019-08-01,61995
Six or more axle vehicles includes double-bottoms,2019-09-01,56482
Six or more axle vehicles includes double-bottoms,2019-10-01,62201
Six or more axle vehicles includes double-bottoms,2019-11-01,52252
Six or more axle vehicles includes double-bottoms,2019-12-01,49208
Six or more axle vehicles includes double-bottoms,2020-01-01,53439
Six or more axle vehicles includes double-bottoms,2020-02-01,47683
